{"ONEOFF_PURCHASES": 0.15968895366050612, "PURCHASES": 0.15341100668069885, "ONEOFF_PURCHASES_FREQUENCY": 0.15082190677502877, "PURCHASES_TRX": 0.131234007151897, "PURCHASES_FREQUENCY": 0.10570197172177109, "INSTALLMENTS_PURCHASES": 0.06494144179749428, "PURCHASES_INSTALLMENTS_FREQUENCY": 0.052690871000965166, "CREDIT_LIMIT": 0.03728091319161509, "PAYMENTS": 0.02603023715566687, "TENURE": 0.021563947562681852, "PRC_FULL_PAYMENT": 0.009002088040173172, "BALANCE_FREQUENCY": 0.003516607791445181, "MINIMUM_PAYMENTS": -0.007423405049150833, "BALANCE": -0.012387559417820437, "CASH_ADVANCE_FREQUENCY": -0.08531126445205839, "CASH_ADVANCE_TRX": -0.08621881719882371, "CASH_ADVANCE": -0.09027702269019895}