{"inertia": [908.391648167938, 466.40775360735137, 359.60670429110934, 275.0880278847669, 233.73962577423038, 198.9777860914177, 174.87772984841217, 151.15290064101745, 137.8117543043452, 124.11921686147667, 112.42529782997408, 103.47429046907556, 95.6017930249925, 89.45710839046231, 84.16146671775826], "silhouette_scores": [0.25633656483190986, 0.23577405670991625, 0.21266022673713314, 0.21393133794956584, 0.18017838121063673, 0.16997927826841128, 0.14025627077175856, 0.12864516126568787, 0.11138235641762441, 0.09670294946336529, 0.07862943029464804, 0.07222304916618953, 0.07136954907795187, 0.06272092038188297, 0.0588873375616827]}